x,y,z,yaw
21924.591857966,51752.687708255,182.9,1.4794779890716363
21925.028642737,51757.457505697996,182.9,1.4794734292508656
21925.465699559998,51762.230034378,182.9,1.4792849836107054
21925.907969551,51767.04948861,182.9,1.4792550178126715
21926.351210877,51771.8779376,182.9,1.4792900474790878
21926.792700266,51776.689153269996,182.9,1.4793076709757838
21927.233260597,51781.49117437,182.9,1.4792973987791385
21927.674256377,51786.29739912,182.9,1.47928423472728
21928.115766987998,51791.10853873,182.9,1.4792754448858456
21928.55764961,51795.92326709,182.9,1.479272383534627
21928.999685897,51800.73950777,182.9,1.4792743979851986
21929.441589699,51805.554411519995,182.9,1.479289238252615
21929.882147383,51810.35543106,182.9,1.4792809231597182
21930.323195303,51815.16135384,182.9,1.4792895588335422
21930.763795149,51819.96284976,182.9,1.4792530639209842
21931.205873422998,51824.77852568,182.9,1.4792815340074887
21931.646540179998,51829.580327309995,182.9,1.479250773592171
21932.08843024,51834.39383186,182.9,1.479248109047096
21932.530441939998,51839.20852051,182.9,1.4792984835005565
21932.9695871,51843.994633199996,182.9,1.4791781986299635
21933.41219924,51848.8121627,182.9,1.479136688236079
21933.85625448,51853.6431982,182.9,1.4791607815405492
21934.29786066,51858.448859799995,182.9,1.4791744530239452
21934.73820091,51863.2414643,182.9,1.4791023594563202
21935.18138308,51868.0611861,182.9,1.4791132253771961
21935.623884599998,51872.874079199995,182.9,1.4791195175162204
21936.06586625,51877.681649699996,182.9,1.4790648722245119
21936.51193812,51882.530804099995,182.9,1.478912338712016
21936.95386112,51887.326837,182.9,1.4788738240991937
21937.39387443,51892.1001326,182.9,1.478780010541952
21937.8391425,51896.925479699996,182.9,1.4787804293294935
21938.28412337,51901.7477365,182.9,1.4787660452324647
21938.728069009998,51906.5580183,182.9,1.478754237916965
21939.17125037,51911.3593994,182.9,1.4787634770954925
21939.615818399998,51916.1762898,182.9,1.4787481400546878
21940.0594551,51920.9822838,182.9,1.4787356505349316
21940.50218006,51925.777746399996,182.9,1.4787353043823173
21940.94635073,51930.588850299995,182.9,1.4787358090896014
21941.39069186,51935.401827099995,182.9,1.4787347628496477
21941.83489459,51940.2132498,182.9,1.4787318488094217
21942.27883886,51945.021719899996,182.9,1.4787357178807816
21942.7231367,51949.834223,182.9,1.4787348360188957
21943.16737545,51954.6460397,182.9,1.4787246582186548
21943.61105486,51959.4512636,182.9,1.4787210424537456
21944.05448555,51964.2536041,182.9,1.4787228199525475
21944.49815494,51969.058623,182.9,1.4787272160989362
21944.94306758,51973.8773379,182.9,1.4787109673293992
21945.38679257,51978.6823369,182.9,1.478717215648406
21945.83115298,51983.4945451,182.9,1.4787161383009297
21946.27543155,51988.3058104,182.9,1.4787156286532577
21946.71967754,51993.1166961,182.9,1.478737873943629
21947.16517153,51997.9422692,182.9,1.4786610288895123
21947.60860784,52002.741524699995,182.9,1.4786469236812811
21948.05150262,52007.5341814,182.9,1.4786734869479494
21948.49720023,52012.3585667,182.9,1.4786346676621607
21948.94134802,52017.1641397,182.9,1.4786348413045647
21949.38550361,52021.969806199995,182.9,1.4786375486287842
21949.829803599998,52026.7771771,182.9,1.4786215390936406
21950.27323245,52031.574284099996,182.9,1.478645437278353
21950.71973518,52036.4059048,182.9,1.4785740776478136
21951.16377802,52041.2071678,182.9,1.4785642186441237
21951.6073626,52046.0029602,182.9,1.4785902075387556
21952.0536096,52050.8289048,182.9,1.4785831720363072
21952.49957307,52055.6514131,182.9,1.4785207276254304
21952.94390029,52060.4529575,182.9,1.4784931677456592
21953.3873331,52065.2433977,182.9,1.47852991016389
21953.83334871,52070.0636698,182.9,1.4785144524262925
21954.27871414,52074.8761043,182.9,1.478480047799906
21954.72280431,52079.6729603,182.9,1.4785033182451734
21955.1682846,52084.4860519,182.9,1.478475644448381
21955.61238775,52089.282818,182.9,1.4784813664089878
21956.05702887,52094.0856941,182.9,1.478494039661237
21956.50365571,52098.9106855,182.9,1.4784857872314086
21956.94983542,52103.7304131,182.9,1.4784172970090397
21957.39350688,52108.5194725,182.9,1.478416676914759
21957.83712662,52113.3079413,182.9,1.4784085484311726
21958.28498931,52118.1417811,182.9,1.4783736427676366
21958.73058662,52122.9493436,182.9,1.4783354163414675
21959.173573969998,52127.7267599,181.93194423,1.478316257313245
21959.619714469998,52132.537179,180.95027353,1.4783145558594422
21960.066193939998,52137.3511639,179.94979275,1.4783133578170555
21960.51333856,52142.1722577,178.94090138,1.4783096190108624
21960.95988551,52146.986711699996,177.91644614,1.478306824874637
21961.40615734,52151.7980533,176.87490957,1.4783021228252013
21961.852035249998,52156.6049022,175.81732994,1.4782990689372997
21962.29762533,52161.4084886,174.74671554000003,1.4783014744978247
21962.74355357,52166.2158462,173.65386398,1.4783042753198212
21963.18992501,52171.0281283,172.54335763,1.4782920863734557
21963.63490463,52175.824769599996,171.40896383,1.478292733324152
21964.08051778,52180.6282738,170.25438645,1.478290403969538
21964.52719661,52185.4431436,169.07324184,1.478289971711093
21964.97360546,52190.2550806,167.86864002000002,1.4782899371288585
21965.42000521,52195.0669177,166.63731805,1.4782783811853928
21965.86441496,52199.8567024,165.37035481,1.478249844715732
21966.31370684,52204.697604299996,164.07927484,1.4782093217199994
21966.76034909,52209.5078394,162.75450283,1.478152488770432
21967.20360148,52214.2786212,161.3935898,1.4781280690979492
21967.65021569,52219.0843127,159.98178976,1.478117058390709
21968.09807026,52223.902774999995,158.54549801000002,1.4781148063629164
21968.54666285,52228.729059699996,157.05641168,1.4781187247787688
21968.9957483,52233.5608524,155.52496687000001,1.4780415548135502
21969.44166367,52238.354523099995,153.94764917,1.4780374927946045
21969.887282429998,52243.1447942,152.29937044000002,1.4780432682187585
21970.33589435,52247.9675429,150.59583672000002,1.4780073019938962
21970.78127884,52252.753728899996,148.81661201,1.477997644701641
21971.23038778,52257.5794334,146.94645193000002,1.4779972926523877
21971.67945298,52262.4046495,144.98600697,1.4779268593754813
21972.12490146,52267.1873529,142.92131646,1.4779337138132034
21972.5728918,52271.9977049,140.71475766,1.4779263778961733
21973.01890713,52276.786469499995,138.33996755,1.4779205793977608
21973.46567807,52281.5830457,135.77520345,1.4778318413703557
21973.91885535,52286.44373,132.94014924,1.4777503310975606
21974.36733361,52291.2497753,129.74964266,1.4777517185266433
21974.81589815,52296.0568173,126.01988220000001,1.4777655899733277
21975.26536407,52300.8742413,121.27346464,1.4776882087376333
21975.71126884,52305.6495015,121.27346464,1.4776910833208596
21976.16071678,52310.4628555,121.27346464,1.4776888369402044
21976.60954193,52315.2694231,121.27346464,1.4776884806284087
21977.05822283,52320.074427399995,121.27346464,1.4776888497877065
21977.507471729998,52324.8855337,121.27346464,1.4776902730192678
21977.95736334,52329.703597,121.27346464,1.47768960445559
21978.40717078,52334.520724099995,121.27346464,1.4776681966327927
21978.85536718,52339.319488299996,121.27346464,1.47766147061464
21979.30264732,52344.1080944,121.27346464,1.4776538855624461
21979.751864449998,52348.917044099995,121.27346464,1.4776446661677483
21980.20364795,52353.7529858,121.27346464,1.4775111241019
21980.64488407,52358.4692266,121.27346464,1.437665142339296
21981.21914617,52362.7572179,121.27346464,1.2542537373921556
21982.34443007,52366.1926047,121.27346464,0.848322693404811
21984.4014874,52368.5263142,121.27346464,0.39872986821619216
21987.40588799,52369.7920587,121.27346464,0.36383174145606945
21991.30072558,52371.2751498,121.27346464,0.3074934729078236
21996.0044137,52372.7688812,121.27346464,0.2884819749548879
22000.96976944,52374.2424018,121.27346464,0.30675777378734104
22005.68960529,52375.7374395,121.27346464,0.3637911144893289
22009.60483772,52377.2281145,121.27346464,0.3915374892530996
22012.81785386,52378.5546189,121.27346464,0.756664887072836
22015.35486061,52380.9498668,121.27346464,1.0259579212848053
22017.2115126,52384.0135189,124.25686387,1.359670654760595
22017.949340529998,52387.4561725,126.38284413000001,1.6802297509912199
22017.523622329998,52391.3308335,128.29192998000002,1.7361074016338942
22016.78029278,52395.7863487,130.00486851,1.741340698121268
22015.96453318,52400.523153099995,131.62238945000001,1.7422748009008302
22015.1360648,52405.307031,133.23553991,1.7421128104079118
22014.30984927,52410.0825009,134.834285,1.7420395228358247
22013.48464167,52414.8542268,136.427154,1.7422953191286292
22012.65599896,52419.6385275,137.99050836,1.7423701656044583
22011.82632702,52424.4266394,139.52218264,1.742115824957984
22011.00040252,52429.2003415,141.01333547000002,1.7421202102490392
22010.17441445,52433.9742864,142.46158893,1.7421794866382534
22009.34760623,52438.7512859,143.86185799,1.7421928892940641
22008.52060531,52443.5290177,145.20838265,1.74208400210506
22007.69514056,52448.3009665,146.5242555,1.742054612464018
22006.870105899998,52453.071263699996,147.78558964,1.7422285139973994
22006.042447969998,52457.851777799995,149.02615301,1.7421055212928436
22005.21658444,52462.6254203,150.22145788,1.742017946846132
22004.392002239998,52467.3941426,151.3878853,1.741621431573819
22003.57330955,52472.1400122,152.51601335,1.741557279623833
22002.75565026,52476.8817071,153.62145164,1.7413402262973228
22001.94182005,52481.6073216,154.7056262,1.7410223327994219
22001.134497299998,52486.304076,155.77249581,1.741095191748391
22000.32507762,52491.0109756,156.81104228,1.7410860404030504
21999.51608126,52495.7156713,157.84323639000002,1.7377095429619986
21998.72839533,52500.3908992,158.8488337,1.7118963362694848
21998.06097336,52505.089600499996,159.83465071,1.6965708894544997
21997.4595226,52509.8463327,160.80733734,1.6949217293525327
21996.87089876,52514.564123899996,161.76885251000002,1.660136089789947
21996.44614922,52519.305785,162.70210244,1.6601362944061695
21996.01908688,52524.0732539,163.63103061,1.6383425394080207
21995.69739929,52528.8284903,164.54344294,1.6295056493169693
21995.41732837,52533.5934757,165.44063132000002,1.6106201785621457
21995.22907066,52538.3182366,166.32032648,1.5795716427759519
21995.18738345,52543.0686228,167.19095432,1.5715905951898839
21995.183593269998,52547.8405352,168.05909353,1.5512650069069314
21995.27594065,52552.5681029,168.48710155,1.5216940143974298
21995.50941246,52557.3190837,168.91339225000002,1.5152590973521227
21995.776421079998,52562.1218808,169.3371721,1.5122705287519802
21996.05754116,52566.9197485,169.75655401,1.5037511244628847
21996.37706499,52571.678402599995,170.17213526,1.4923635195486156
21996.75113596,52576.4379364,170.5840757,1.4921399249612657
21997.1328594,52581.2809738,170.99287801,1.4921291176793758
21997.515388109998,52586.1335584,171.39694161,1.4920980823229004
21997.89529941,52590.9510313,171.79534517000002,1.4921095231287747
21998.27602117,52595.7794861,172.18992680000002,1.4920178202749657
21998.65312702,52600.5564923,172.57925446000002,1.4892699492123536
21999.04441353,52605.345362299995,172.96354257000002,1.4892351636376928
21999.43935819,52610.1769329,173.3449114,1.4892328945166142
21999.8329727,52614.9920965,173.72071215,1.4892313438651363
22000.22604974,52619.800593299995,174.09243514000002,1.4892314311424482
22000.61875881,52624.604593899996,174.45977877,1.4892205741454854
22001.01328016,52629.430118899996,174.82188913,1.4892205516670804
22001.40778835,52634.2554816,175.18167685,1.4892014082395093
22001.80033354,52639.055702699996,175.53693377000002,1.4892011146357707
22002.19258509,52643.8523157,175.88970811000002,1.489173693807522
22002.58782865,52648.6838853,176.23688262000002,1.489173654714982
22002.98305163,52653.515201,176.58053032,1.4891249671233877
22003.37491829,52658.3026197,176.92301349000002,1.4837173608206753
22003.79339458,52663.0961771,177.26097471,1.4837173631393374
22004.21197877,52667.8909706,177.59695264,1.483498262064638
22004.6340173,52672.7131379,177.92947155000002,1.4834963181022056
22005.0569431,52677.5453349,178.26026117,1.483434953611903
22005.47431627,52682.3107228,178.58619357,1.4677463156888362
22005.96743229,52687.078983,178.90971321,1.467721438452291
22006.45862671,52691.8275075,179.23339439,1.4402815004978673
22007.07860891,52696.5507863,179.55353121000002,1.43525288861826
22007.72481126,52701.289047,179.87589387,1.4169093767930059
22008.45813692,52706.016724199995,180.19862687,1.4130013768389467
22009.20503017,52710.7106888,180.52009684,1.3791266007857905
22010.10640049,52715.3556854,180.83742416,1.3648454400071872
22011.07966513,52720.0143931,181.15672404,1.3446113627294716
22012.15315175,52724.6792367,181.47279487,1.3438972728062002
22013.21973434,52729.2989817,181.79095132999998,1.300825170940591
22014.48416757,52733.8682245,182.10490662,1.300748275512412
22015.75649357,52738.4646141,182.42229912,1.2715283119263887
22017.14127656,52742.9528753,182.74060613,1.235057630487405
22018.70172027,52747.4247072,182.9,1.2267725364125082
22020.325750019998,52751.9576763,182.9,1.2267725263240208
22021.9512751,52756.494819,182.9,1.2206176949980372
22023.585471,52760.969237,182.9,1.1955690675219457
22025.3226057,52765.37945,182.9,1.176388674171253
22027.148734399998,52769.766897,182.9,1.1574196028068948
22029.062052499998,52774.128713,182.9,1.1437643454898643
22031.0403748,52778.476353,182.9,1.1312788709501949
22033.0769171,52782.80766,182.9,1.1224099449612381
22035.1420912,52787.100568,182.9,1.098973865822369
22037.2823079,52791.294926999995,182.9,1.064324408197134
22039.592856,52795.460059,182.9,1.0643251795911897
22041.9317352,52799.676269999996,182.9,1.058862648967029
22044.256311099998,52803.813260999996,182.9,1.0244079322335558
22046.7161093,52807.858004,182.9,1.0116642619358212
22049.2424564,52811.895372,182.9,0.991425313093313
22051.848722,52815.878844,182.9,0.9775995567612421
22054.512431299998,52819.829788999996,182.9,0.9595638178888514
22057.2510611,52823.737902,182.9,0.9493926749675582
22060.0288028,52827.617266,182.9,0.9309461613659963
22062.8581818,52831.418606,182.9,0.9044587505462472
22065.8099014,52835.172493,182.9,0.9044577029988827
22068.7538932,52838.916544,182.9,0.871650701486578
22071.8173222,52842.559887999996,182.9,0.8701786203291052
22074.8877528,52846.200665,182.9,0.8386804844932905
22078.0553358,52849.725155,182.9,0.8254505987931786
22081.2972256,52853.237722,182.9,0.8143146974251191
22084.5681671,52856.703520999996,182.9,0.7940904923180699
22087.8875434,52860.081111,182.9,0.7679256943826677
22091.297958299998,52863.374383999995,182.9,0.7502341958445699
22094.8011277,52866.639457,182.9,0.7479187574597902
22098.3242407,52869.907907,182.9,0.7385678970428071
22101.847933999998,52873.116113,182.9,0.7162992942548535
22105.4329115,52876.236984999996,182.9,0.7007537310584379
22109.0693698,52879.304619999995,182.9,0.6808442619426862
22112.7707572,52882.302961,182.9,0.6680985618749029
22116.5066908,52885.251225,182.9,0.6461721520578961
22120.3114215,52888.120684,182.9,0.6364728592451652
22124.174538299998,52890.97582,182.9,0.6334761846689919
22128.041833,52893.816163999996,182.9,0.6210975473219361
22131.9089972,52896.58338,182.9,0.5987756460024102
22135.8642723,52899.282225999996,182.9,0.5987756633649014
22139.8363541,52901.99254,182.9,0.586715585093799
22143.7820484,52904.615674,182.9,0.5557169046412462
22147.8059174,52907.114492,182.9,0.5407541678710543
22151.9012135,52909.573533999996,182.9,0.529977673755796
22156.028103,52911.991425,182.9,0.5290849631538062
22160.2149033,52914.439398999995,182.9,0.5290850019736502
22164.3873691,52916.878992,182.9,0.5201010409456297
22168.4828962,52919.224484,182.9,0.486152859200089
22172.6834873,52921.444314,182.9,0.4812596520765662
22176.9461793,52923.670347,182.9,0.47620494135068836
22181.197684,52925.863259,182.9,0.45875500321890494
22185.4504958,52927.963719,182.9,0.4337037567042914
22189.7822954,52929.969825,182.9,0.4312189293371065
22194.132146199998,52931.971179,182.9,0.4133965475594805
22198.5146057,52933.893656,182.9,0.4096358749443456
22202.8811445,52935.7896,182.9,0.38176386875588286
22207.3149724,52937.569601999996,182.9,0.381764154499072
22211.7521494,52939.35095,182.9,0.35619832832106035
22216.2263656,52941.015666,182.9,0.3561984023493494
22220.7253934,52942.689613999995,182.9,0.3415574613976835
22225.2412367,52944.294952,182.9,0.33834255036361593
22229.752192199998,52945.882236,182.9,0.31811659523059066
22234.2881651,52947.375933999996,182.9,0.3116697356776468
22238.8476027,52948.844846,182.9,0.29874428748832527
22243.423550299998,52950.254059,182.9,0.29125349500707687
22247.9840554,52951.6212,182.9,0.26499642156673664
22252.5909348,52952.871409,182.9,0.26354781633972846
22257.2090668,52954.117492,182.9,0.24228277014815136
22261.8225222,52955.25765,182.9,0.22576030340841613
22266.4777612,52956.326844999996,182.9,0.21606643613504306
22271.1695787,52957.356665,182.9,0.21294273744599446
22275.8653247,52958.371983,182.9,0.2036489434026043
22280.5382114,52959.336988999996,182.9,0.18426100058272366
22285.221031999998,52960.20975,182.9,0.1710852440619801
22289.9223575,52961.022017999996,182.9,0.15532617866011944
22294.6454549,52961.761596,182.9,0.14697172591081586
22299.3648812,52962.460256,182.9,0.1263387232457558
22304.1025179,52963.062008,182.9,0.12036090146818301
22308.8668869,52963.638237,182.9,0.11532325636080798
22313.6619685,52964.193686,182.9,0.1153235929662848
22318.4458479,52964.747838999996,182.9,0.1046598437822297
22323.1998615,52965.247218,182.9,0.09489849910692127
22327.981316999998,52965.702337999996,182.9,0.09289894557774758
22332.7786319,52966.14929,182.9,0.09289837979564175
22337.5771032,52966.596347,182.9,0.09287419579341094
22342.3992593,52967.045493,182.9,0.09288029506756024
22347.2018373,52967.492845,182.9,0.09290898559360583
22351.9595118,52967.936152,182.9,0.09280467480096832
22356.7485446,52968.381877,182.9,0.09248461854998635
22361.6115402,52968.832916,182.9,0.09253727672143519
22366.435406599998,52969.280582,182.9,0.0925646894803065
22371.205503999998,52969.72339,182.9,0.09245597822581808
22376.0164773,52970.169465,182.9,0.09242320498308887
22380.840343699998,52970.616576,182.9,0.09244594188337785
22385.6507313,52971.062548,182.9,0.09244423573911464
22390.4621574,52971.508608,182.9,0.09246349654789365
22395.260540299998,52971.953552,182.9,0.09247020499014691
22400.05564,52972.398224,182.9,0.09240900539539165
22404.8716949,52972.844542,182.9,0.09239605672671902
22409.6929613,52973.29128,182.9,0.09241773926426866
22414.5016639,52973.736959,182.9,0.09241576993682621
22419.3115917,52974.182742,182.9,0.09240689816588965
22424.1267535,52974.628967,182.9,0.09240753576114757
22428.9413963,52975.075146999996,182.9,0.09241188293848879
22433.751160699998,52975.520896,182.9,0.09243306775802562
22438.5365795,52975.964491,182.9,0.09243019225087745
22443.3231729,52976.408181,182.9,0.09228577239837343
22448.1465168,52976.854575,182.9,0.09229727343826455
22452.9659827,52977.300665999996,182.9,0.09231078049242969
22457.7793599,52977.746259,182.9,0.09231400590650662
22462.5909909,52978.191706,182.9,0.09232284070724672
22467.3975469,52978.636726,182.9,0.09233055435770865
22472.1999947,52979.081403,182.9,0.09235595316024936
22476.9919477,52979.525231,182.9,0.09222265217577652
22481.8198443,52979.971739,182.9,0.09221209164909783
22486.6525576,52980.418641,182.9,0.09221879513537301
22491.4619075,52980.863415,182.9,0.09221982957228958
22496.2668888,52981.30779,181.93904269,0.09223250896081048
22501.0501668,52981.750219,180.965734,0.09222793740390145
22505.8350888,52982.192778,179.97560686,0.0919921218197357
22510.670199,52982.638828999996,178.9673572,0.09202612172309066
22515.4912791,52983.083751,177.94790782,0.09206458025836217
22520.2842739,52983.526267,176.91656859,0.09204467951977047
22525.0842585,52983.969332,175.86519589,0.09201168425120865
22529.8931052,52984.413055,174.79533162,0.09197916578023047
22534.7105676,52984.857415,173.71103125000002,0.09203525619022912
22539.509345399998,52985.300322999996,172.61580314000003,0.09206821541275167
22544.300221999998,52985.742661,171.49758904,0.09198001874802353
22549.1050311,52986.185858,170.35337241000002,0.091994462422466
22553.9077808,52986.628935,169.19543351000002,0.09188482358705685
22558.72363,52987.072688,168.01250557,0.09184082799820215
22563.5450457,52987.51674,166.80624825,0.09190161681284459
22568.3565703,52987.960176,165.58341434,0.09196471943393614
22573.1576617,52988.402956,164.33177551,0.09187696334790485
22577.9689869,52988.846254,163.05165099,0.09180300520429818
22582.788609299998,52989.289957,161.72838017,0.091856171205138
22587.5988911,52989.733058,160.38608864,0.09185727966410862
22592.4089734,52990.176146,159.00897400000002,0.09184241226379819
22597.2210548,52990.619346,157.58206046,0.09184310086150016
22602.033002199998,52991.062537,156.11677967,0.0918250309379145
22606.8475091,52991.505875999996,154.60180198,0.09186822172390086
22611.6570044,52991.948962999995,153.03286761,0.09185572778876039
22616.4682106,52992.392147,151.41428048,0.09182877510733345
22621.2831825,52992.835546999995,149.72057019,0.09187719614638512
22626.09201,52993.278615999996,147.952773,0.09182488781559983
22630.9080448,52993.722095,146.1143155,0.09187224206345079
22635.718142499998,52994.165257,144.16318579,0.09191555303931431
22640.522576,52994.608107,142.10281005000002,0.09180043858419573
22645.3443978,52995.051999999996,139.90490492,0.09187659775080248
22650.156501999998,52995.495367999996,137.53426432,0.09192524849120409
22654.9623785,52995.938398,134.95491913,0.09185668880338294
22659.7778113,52996.381976,132.08115202,0.09197307501166874
22664.5777268,52996.824688,128.81543723000001,0.09189796234104786
22669.389226799998,52997.268103999995,124.91761549,0.0917728609077324
22674.220024899998,52997.712689,122.72584413000001,0.09174255314234059
22679.054699599998,52998.157482999995,122.72584413000001,0.09216106503049115
22683.8453422,52998.600247999995,122.72584413000001,0.09224053042295166
22688.6261695,52999.042489,122.72584413000001,0.09194913203218036
22693.4547145,52999.487725,122.72584413000001,0.09200562065501261
22698.275303399998,52999.932501999996,122.72584413000001,0.09208710792911834
22703.0852677,53000.376694,122.72584413000001,0.093349511740624
22707.734536,53000.811966,122.72584413000001,0.12993396978644545
22711.8988609,53001.356119,122.72584413000001,0.3565853691477392
22715.269296399998,53002.611638,122.72584413000001,0.7389652224121804
22717.7511394,53004.873078,122.72584413000001,0.933589670322398
22720.0748268,53008.012300999995,122.72584413000001,0.971617715635205
22722.7258302,53011.8941,122.72584413000001,0.9869701313810528
22725.4681738,53016.045073,122.72584413000001,0.9894094317599983
22728.224138499998,53020.238871,122.72584413000001,0.9882648155113672
22730.9738908,53024.412798,125.34822458000001,0.9789827893955576
22733.6705998,53028.424651,127.67833192,0.9466511972579894
22736.138643399998,53031.851607,129.76750838,0.8871923405959425
22738.3820443,53034.605464,131.61956089,0.5268650244356357
22741.383912,53036.351690999996,133.3104551,0.31558628531182986
22745.2616895,53037.617778,135.04748295000002,0.29673668473314785
22749.8169733,53039.010621,136.90396638,0.2923587013650035
22754.521070799998,53040.426476,138.68176191,0.29309348519209566
22759.1962886,53041.837386,140.34526315,0.2935214359426177
22763.8534312,53043.245016,141.91326158,0.293430331013363
22768.5145355,53044.653379999996,143.39106043,0.2937423663154386
22773.1598465,53046.058553999996,144.80680079,0.29388333408710343
22777.7969407,53047.461956,146.15696328,0.29397759512572064
22782.4282937,53048.864097,147.45146987,0.2940065590085381
22787.0576339,53050.265775,148.70343463,0.2940265248263709
22791.6854784,53051.667101,149.91753541,0.29417341983631196
22796.3018226,53053.065685,151.08933802,0.29424013998598864
22800.9118894,53054.462703,152.22613797,0.29433636533802954
22805.5103004,53055.856672,153.32416974,0.29436914386619195
22810.1020698,53057.248792,154.38775283,0.2943602535827978
22814.7017773,53058.643274,155.42139348,0.2943591443857989
22819.3007808,53060.037537,156.43336601000001,0.2944592954219585
22823.921626,53061.438926999996,157.42897254000002,0.29448801643766664
22828.548442299998,53062.842273,158.39650109000002,0.29447437496449425
22833.1719546,53064.244547999995,159.35239828,0.2944186070764976
22837.7814992,53065.642306,160.28915509,0.2944482163134341
22842.395825,53067.041662999996,161.20827533,0.29456966224335157
22847.0256027,53068.446319999995,162.10871672000002,0.2945338886997517
22851.6499672,53069.849153999996,162.99526029,0.2945278469224073
22856.273370799998,53071.251666,163.87093149,0.29452074977090525
22860.8956563,53072.653803,164.73530787,0.294531171225729
22865.5194463,53074.056448999996,165.58929724,0.29453802973832777
22870.1442594,53075.45944,166.42661726,0.2945266593457381
22874.767175099998,53076.861798,167.2516573,0.29452982219162904
22879.3905689,53078.264317,168.0723489,0.294529714462646
22884.0139579,53079.666833999996,168.88202013,0.29453544735382087
22888.6382536,53081.069655,169.2829399,0.29452619291319104
22893.261236399998,53082.472031,169.68173914,0.2945330290758925
22897.8852526,53083.874755,170.08011919,0.2944942612832393
22902.5036039,53085.275564999996,170.47700832,0.29450003202055663
22907.1230626,53086.676739999995,170.8708137,0.29455277621875964
22911.7549643,53088.081956,171.26405977000002,0.29452514605306623
22916.3826654,53089.485757999995,171.65686328,0.2944549044101934
22921.0010117,53090.886368,172.04728474,0.2944535143623239
22925.619146999998,53092.286907,170.87011154,0.29446512660143953
22930.239394,53093.688145,169.66175433,0.29448326736743224
22934.863177,53095.090547,168.43031231,0.29453882566101686
22939.497599,53096.496457,167.1766328,0.29443549766432064
22944.116733,53097.897207999995,165.89381679000002,0.2943827060761577
22948.727431,53099.295135,164.5898529,0.2945027120986037
22953.363226999998,53100.701279,163.26673902,0.2943549847525133
22957.97521,53102.099455999996,161.89113928,0.2943752147382852
22962.591158,53103.498937,160.49526031,0.29449610782244706
22967.234624,53104.907374,159.07123927,0.29433980822036654
22971.853483,53106.307559,157.60117347,0.2943207416647915
22976.469192,53107.706693,156.09842803,0.294482010552237
22981.115228,53109.115838,154.54372393,0.29440178365458536
22985.750064,53110.521179999996,152.94407694,0.29421009637883855
22990.36095,53111.918294999996,151.30818265,0.2942120359870033
22994.972114,53113.315504,149.6264627,0.294200724833251
22999.581456,53114.712104,147.89546572,0.2944048760913345
23004.230391999998,53116.121737,146.11852074,0.29409484400853025
23008.833906,53117.516039,144.28146349000002,0.2939963533481236
23013.420014,53118.904576,142.38290393,0.2941660648425217
23018.055282,53120.308855999996,140.40198224,0.2939285142752517
23022.634243,53121.69489,140.40198224,0.29207476700160995
23027.140154,53123.049698999996,140.40198224,0.25218664896501886
23031.669187,53124.216706,140.40198224,0.21680765118294087
23036.192326,53125.213017,140.40198224,0.15550046469207168
23040.613857,53125.906163,140.40198224,0.04064290265415105
23045.14369,53126.09037,140.40198224,0.008859040897317483
23049.74102,53126.131099,140.40198224,-0.07296127080796655
23054.298516,53125.797987,140.40198224,-0.11901632447802712
23058.844796999998,53125.254336,140.40198224,-0.19673593899253694
23063.299866,53124.366378,140.40198224,-0.26021382019490336
23067.715313,53123.190763,140.40198224,-0.32478635079950346
23072.044998999998,53121.732915,140.40198224,-0.3888014286695185
23076.298615,53119.990401999996,140.40198224,-0.43904483730327204
23080.423566999998,53118.053265999995,140.40198224,-0.5233510849807761
23084.344064999997,53115.791059999996,140.40198224,-0.5888357909330875
23088.165533,53113.238812999996,140.40198224,-0.6386232035245163
23091.879613999998,53110.481457,140.40198224,-0.6883422794622636
23095.375311,53107.606061,140.40198224,-0.7882220151993065
23098.557323,53104.406027,140.40198224,-0.8450408505275724
23101.59558,53100.981877,140.40198224,-0.9118943192364721
23104.409225,53097.348306,140.40198224,-0.9607500587745417
23107.05522,53093.562839,140.40198224,-1.0147906178565922
23109.460746,53089.691694,140.40198224,-1.095367867282817
23111.543771,53085.645524,140.40198224,-1.1523509076435956
23113.399612,53081.472367999995,140.40198224,-1.2237789169350584
23114.935642,53077.22511,141.8544081,-1.3070337894085204
23116.114898,53072.858374999996,143.23933494,-1.3750570748124704
23117.005933,53068.364508,144.56262436,-1.4291835183946042
23117.665243,53063.739948999995,145.82688101000002,-1.4529547584154057
23118.222030999998,53059.036953999996,147.04942682,-1.4702205557419235
23118.702506999998,53054.275819,148.23361406,-1.4702924854164596
23119.189959,53049.442077,149.39020897,-1.4703106394905134
23119.673797,53044.643299999996,150.52094741000002,-1.477893132578762
23120.117721,53039.878704999996,151.62343009,-1.4783894854112405
23120.562692,53035.077072,152.70493831,-1.4784063607529263
23121.009802,53030.251470999996,153.7620625,-1.4784089747363485
23121.455492,53025.441059,154.7973816,-1.4784106240946735
23121.900574,53020.637123,155.81344834,-1.4784105497106284
23122.345762999998,53015.832036,156.81397335,-1.4784128083591215
23122.791979999998,53011.015735,157.79394273,-1.4784148033943496
23123.23722,53006.209875,158.75587226,-1.4784165744940463
23123.679603,53001.434761,159.70164342,-1.4784527135824965
23124.123793,52996.638255,160.62929726000002,-1.4785838071080692
23124.572589,52991.785082999995,161.54225885,-1.4785859449356487
23125.018676,52986.961093,162.44230302,-1.478592509177468
23125.464074,52982.144209,163.32633900000002,-1.4786256657223031
23125.90701,52977.352218,164.19717708000002,-1.478643391836052
23126.346425,52972.5974,165.0518078,-1.4788013914945912
23126.791339,52967.774763,165.89432843,-1.4788653666995915
23127.23968,52962.911578,166.7260405,-1.478948235557684
23127.681854,52958.110935,167.54760516,-1.4789824239791298
23128.12053,52953.346485999995,168.35526412000002,-1.4790828854443077
23128.565371,52948.509757,168.75502158,-1.4790860091087072
23129.007202,52943.705591,169.15295978,-1.4790868376793194
23129.449441,52938.896945,167.95438581000002,-1.4790881564369207
23129.892404,52934.080357,166.72884065,-1.4790944295378896
23130.332768,52929.2917,165.47882331,-1.4791252161999706
23130.776265,52924.467345,164.2018701,-1.4791247955963667
23131.218743999998,52919.654085999995,162.89469026,-1.4791262456609777
23131.660358,52914.85016,161.55477283,-1.4791298624913867
23132.105080999998,52910.012222,160.18149947,-1.4792361337901156
23132.542602999998,52905.247064999996,158.76946254,-1.4792590007936481
23132.982493,52900.454914,157.31837682,-1.4793979372352326
23133.429236,52895.580667,155.82270001,-1.4795806430508884
23133.865944,52890.806311,154.27788816,-1.4795805549198024
23134.301337,52886.046336,152.68096561000002,-1.4797874478450193
23134.743029,52881.206458,151.02418957,-1.4797750300101153
23135.183537999997,52876.380205,149.30014847,-1.4797755133999226
23135.622423,52871.571719,147.50082497,-1.4797757956964666
23136.061171,52866.764719,145.6143495,-1.4797777684535132
23136.502184999998,52861.932787,143.62701578000002,-1.479828803487878
23136.938890999998,52857.145356,141.52077448,-1.4798288468852512
23137.374883,52852.36575,139.27131311,-1.4799794816655845
23137.819226,52847.486471,136.84319597,-1.4800491947270173
23138.260466,52842.637523,134.18738323,-1.480475268723867
23138.691033,52837.883421,131.22388864,-1.4856850979718366
23139.095938,52833.137551,127.81074196,-1.4923426939798365
23139.463824,52828.45796,127.81074196,-1.5522183941423715
23139.548155,52823.919172,127.81074196,4.64848045682356
23139.266075,52819.511374,127.81074196,4.5280329392567715
23138.474291,52815.265278,127.81074196,4.400298197237931
23137.167294,52811.214262,127.81074196,4.2446698383690595
23135.28192,52807.481586,127.81074196,4.080834931362466
23132.761305,52804.035758,127.81074196,3.9727854167451486
23129.921187,52800.922832,127.81074196,3.7764431349649064
23126.494593,52798.398905,127.81074196,3.6871173462810987
23122.585084,52796.025971999996,129.66348605000002,3.6743836750458967
23118.501991,52793.618285,131.38030159000002,3.6738445448926216
23114.331437,52791.162054,133.05598838,3.6738063028940484
23110.15386,52788.701902,134.66017685,3.6739808110123446
23106.016084,52786.264215999996,136.21537463,3.6737419482008593
23101.839621,52783.805082,137.72232809000002,3.6738151807418253
23097.677571,52781.354024,139.19891159,3.673961872966437
23093.544435,52778.919176999996,140.63491141,3.6736249738250084
23089.365880999998,52776.45947,142.01464695,3.673654662020502
23085.192204,52774.002467,143.36688982,3.6736389126598947
23081.015448,52771.54374,144.69499909,3.6737211140099215
23076.860373,52769.097316,145.98087846,3.673814086784156
23072.726059,52766.662597999995,147.24388637,3.6734853956710025
23068.546072,52764.202832999996,148.47037247,3.673496152476374
23064.368051999998,52761.744165,149.65774351,3.6735587156115055
23060.206229,52759.294678,150.83479778,3.6735840887804283
23056.050790999998,52756.848807,151.96984904,3.6736100778057676
23051.900717,52754.405948,153.08101142,3.673495046403687
23047.732556,52751.953088,154.17266724,3.6734786805425124
23043.561523,52749.4986298,155.23267895,3.6735819969474126
23039.412432,52747.056506299996,156.26719211,3.6734688352428764
23035.246414999998,52744.605055,157.29205681000002,3.673470633658811
23031.080702,52742.1537725,158.28727937000002,3.673516954106507
23026.922768,52739.7068082,159.27207646,3.673478292770646
23022.759276,52737.2567897,160.23029888000002,3.6734617673697674
23018.593444,52734.8054869,161.17655776,3.6734375702283644
23014.423949,52732.3521645,162.10538488,3.673468390902535
23010.260362,52729.9021456,163.02372909000002,3.6734935308861107
23006.101623,52727.454838699996,163.92466672,3.673443824109089
23001.935276,52725.0033335,164.80906046,3.6734669964230293
22997.773178,52722.554198599995,165.67446639000002,3.673470963680894
22993.611761,52720.1054422,166.53611517000002,3.673447607391398
22989.446862,52717.6547678,167.38044635,3.6734618704866446
22985.284351,52715.205418599995,168.21057245,3.673448758493926
22981.119921999998,52712.7550143,168.62157284,3.6734547829402353
22976.956686999998,52710.3052788,169.02932673,3.67344958344348
22972.792462999998,52707.854990499996,169.43178449,3.6734397813327075
22968.626976,52705.404014,169.83125461,3.6734697115298776
22964.464971999998,52702.9549192,170.22713141,3.6734738703863608
22960.303565,52700.5061524,170.6209712,3.6734851452282538
22956.144110999998,52698.0584717,171.01677492,3.673462783324144
22951.979524,52695.6078958,171.40501874,3.673448882133541
22947.812213,52693.155795,171.79097744,3.6734887238593728
22943.650822,52690.7069544,172.17634022,3.6734440064369864
22939.482100999998,52688.2540513,172.55639766000002,3.673508431988593
22935.322272999998,52685.8060201,172.93488941,3.6735879984615236
22931.17482,52683.3648272,173.31056081000003,3.673515875151524
22927.007017,52680.912060999995,173.68409361,3.6734964363340104
22922.834916,52678.4568746,174.05300193,3.6735051553302958
22918.6642437,52676.002479999996,174.41898143,3.6736292784189404
22914.5106758,52673.557456999995,174.78659367,3.673621218827949
22910.3557319,52671.1116691,175.14673498000002,3.673560551252313
22906.1884364,52668.6589509,175.50952958,3.673554480595485
22902.0200296,52666.205612699996,175.86749645,3.6735250610965795
22897.8468292,52663.7496185,176.22271643,3.6736543584931023
22893.691385899998,52661.3033512,176.57717403,3.6735952725741923
22889.526718999998,52658.8519854,176.92835304,3.6736061837149094
22885.3637202,52656.4015403,177.27763232,3.6736385986738735
22881.2057215,52653.9538569,177.62637048,3.673606593344349
22877.0423661,52651.503199599996,177.97056863,3.6735022876132764
22872.8614881,52649.042815199995,178.31295216,3.6736943865528717
22868.7063483,52646.5965026,178.65289389,3.6737316082124716
22864.5566596,52644.1531913,178.98967648,3.6735385337636655
22860.3731891,52641.6910771,179.32505473,3.6737385084796648
22856.21732,52639.2440882,179.65665972,3.6739011248886198
22852.0854651,52636.810334,179.98552285,3.673826614687607
22847.9374144,52634.367456399996,180.31555173,3.673850236507183
22843.7959387,52631.9283192,180.64470847,3.6738291054480774
22839.6447552,52629.4835827,180.97266009,3.6738169944948003
22835.485223699998,52627.0339977,181.29947813,3.673843312747111
22831.3456602,52624.5960253,181.62280035,3.6788174715490465
22827.2215044,52622.1394161,181.94593135000002,3.6847859031593506
22823.122957,52619.6648009,182.26619561,3.6994942191010485
22819.0604545,52617.129677,182.58671792,3.7048081630930385
22815.0118853,52614.5732565,182.9,3.7199395257483348
22811.0078679,52611.9594008,182.9,3.7258973611176844
22806.985485999998,52609.2992453,182.9,3.7258973441251846
22802.9740891,52606.6463547,182.9,3.7383635409373284
22799.0152969,52603.9567245,182.9,3.7448502820280227
22795.065039099998,52601.235274,182.9,3.7543324210918976
22791.147126199998,52598.4809624,182.9,3.7647789863258336
22787.2623158,52595.688831499996,182.9,3.77652491453087
22783.392885999998,52592.8382367,182.9,3.77652491140677
22779.5173014,52589.9831077,182.9,3.784425248333641
22775.685107499998,52587.1129632,182.9,3.7967548176939605
22771.8897691,52584.1966935,182.9,3.8053904028458185
22768.1221027,52581.2495939,182.9,3.8164036840551328
22764.363637,52578.2423893,182.9,3.8164035960308285
22760.624311,52575.250499199996,182.9,3.8395733283067894
22756.9701455,52572.1852306,182.9,3.8428871439098686
22753.294884,52569.0814588,182.9,3.8470066584298612
22749.6217507,52565.9534705,182.9,3.8470066170661754
22745.9660272,52562.8403084,182.9,3.8582593641698164
22742.3524427,52559.6921982,182.9,3.858306306131973
22738.7023322,52556.511965599995,182.9,3.8582991281374968
22735.0675165,52553.3451048,182.9,3.8583000033754487
22731.4318798,52550.1775231,182.9,3.858336265421098
22727.7729723,52546.989433099996,182.9,3.8583366697675343
22724.1183686,52543.8050905,182.9,3.858368090240903
22720.487248499998,52540.641009,182.9,3.8583677071842266
22716.8552751,52537.476186399996,182.9,3.8583731945001376
22713.2090475,52534.298907799996,182.9,3.8583738758411883
22709.570184199998,52531.128042,182.9,3.858376157839661
22705.9099114,52527.9385055,182.9,3.858428983511805
22702.2808485,52524.7758278,182.9,3.8585015635908015
22698.6613281,52521.621004,182.9,3.8585495210749947
22695.002467899998,52518.4315823,182.9,3.8585573967650846
22691.360571,52515.256897,182.9,3.858578113418996
22687.7528906,52512.1119071,182.9,3.858692042159555
22684.09704,52508.9241918,182.9,3.8587130315478486
22680.416392299998,52505.7147187,182.9,3.858914135902686
22676.8051584,52502.5644948,182.9,3.8596854384314696
22673.1903034,52499.4061989,182.9,3.8597472701666433
22669.5298103,52496.2076299,182.9,3.8597870440866253
22665.9167336,52493.0502403,182.9,3.859816975941291
22662.2801726,52489.8721363,182.9,3.8598368310170645
22658.6268022,52486.6792141,182.9,3.8598466025331297
22654.9955236,52483.505536799996,182.9,3.8598465782481446
22651.3356016,52480.3068258,182.9,3.8599500002347606
22647.7236093,52477.149345599995,182.9,3.8602338459982795
22644.0964426,52473.976783699996,182.9,3.860240572205469
22640.4585829,52470.794825799996,182.9,3.8602412812635216
22636.8187231,52467.6111139,182.9,3.8602405847997145
22633.1722114,52464.4215882,182.9,3.8602882740071505
22629.5670368,52461.2679157,182.9,3.8603371521742957
22625.9303549,52458.086368,182.9,3.8603410126133917
22622.2908332,52454.9023111,182.9,3.8603422988535985
22618.6498894,52451.717001799996,182.9,3.86034161642984
22615.0109472,52448.533448,182.9,3.860341836163709
22611.3749024,52445.352427599995,182.9,3.8603420790531353
22607.7400238,52442.1724259,182.9,3.860343499849439
22604.1112838,52438.997785499996,182.9,3.8603470064390017
22600.4715846,52435.8135348,182.9,3.860346894525301
22596.8311871,52432.6286739,182.9,3.8603529466947424
22593.1997616,52429.4516235,182.9,3.8603599738443832
22589.5869648,52426.2908261,182.9,3.860409079352072
22585.9443136,52423.1035936,182.9,3.8604107726268313
22582.2997484,52419.9146755,182.9,3.8604118311625446
22578.6761711,52416.7441146,182.9,3.8604255296876895
22575.0384945,52413.561129099995,182.9,3.8604248296930384
22571.4018779,52410.3790756,182.9,3.860423350747968
22567.7683597,52407.199742699995,182.9,3.8604285518048926
22564.1256922,52404.0123707,182.9,3.8604301661628817
22560.4911665,52400.8321125,182.9,3.8604301661628964
22556.8566408,52397.6518543,182.9,3.86043016421521
22553.2221152,52394.4715962,182.9,3.8604301661628964
22549.5875895,52391.291337999995,182.9,3.860434214656154
22545.972926399998,52388.128434,182.9,3.8604836524037816
22542.328447699998,52384.9391226,182.9,3.8604935225851222
22538.6691436,52381.7367736,182.9,3.860557861590351
22535.0472905,52378.5667874,182.9,3.8605542145790404
22531.4191852,52375.3913524,182.9,3.860554191290912
22527.790814199998,52372.215684999996,182.9,3.8605572744154606
22524.1564746,52369.0347739,182.9,3.8605570549196386
22520.5225719,52365.8542466,182.9,3.8605516551372956
22516.8993539,52362.6831055,182.9,3.8605868273797874
22513.2532864,52359.4917394,182.9,3.8605889629002457
22509.6016911,52356.2955211,182.9,3.8606273733071306
22505.9797638,52353.125025299996,182.9,3.8606279493465654
22502.3611053,52349.9573872,182.9,3.8606437001134455
22498.7300154,52346.7787661,182.9,3.860674032500386
22495.0790088,52343.5825145,182.9,3.860674710627877
22491.4329127,52340.3905574,182.9,3.860696214394254
22487.8030851,52337.212704599995,182.9,3.8607106101683235
22484.1881412,52334.0477903,182.9,3.860733388132001
22480.5446065,52330.8576979,182.9,3.8607296792650794
22476.879614499998,52327.6488426,182.9,3.8608789636710044
22473.2619898,52324.4805052,182.9,3.8608901905380812
22469.6507443,52321.3176831,182.9,3.8608944983778404
22466.0232288,52318.1405837,182.9,3.860891200450215
22462.3999392,52314.9672066,182.9,3.8608974744525693
22458.7729627,52311.790560199996,182.9,3.8609397257017677
22455.1274362,52308.597394799996,181.92792596,3.8609364404116606
22451.4849918,52305.4069502,180.9428116,3.860935930346893
22447.8458609,52302.2194112,179.94450662000003,3.8609420328370527
22444.2206502,52299.044025899995,178.93231263,3.8609438369087226
22440.5891753,52295.863142099995,177.90675942000001,3.860950515627155
22436.9418142,52292.6683002,176.86598502,3.8609711533021986
22433.315576599998,52289.4918288,175.80925912,3.8609756772458086
22429.7017561,52286.3262055,174.73747409,3.8609859668330127
22426.0808317,52283.154293499996,173.6495793,3.861063988963405
22422.4297214,52279.9554353,172.54441730000002,3.861059948461327
22418.7839615,52276.7612908,171.41936908,3.8610771726519726
22415.1696259,52273.5945679,170.27507877,3.8610893595441333
22411.5452286,52270.4189513,169.1113585,3.8611467061237863
22407.8920259,52267.2177257,167.92561347,3.8611476549997477
22404.2478038,52264.0243635,166.71384074000002,3.8611839533756056
22400.6317475,52260.8554504,165.47860576,3.861187440231223
22397.0028266,52257.6752411,164.21706541,3.8611923284130207
22393.3654856,52254.487621399996,162.92649716,3.8611929439041064
22389.718782199998,52251.291792899996,161.60517389,3.8612013101750766
22386.0782326,52248.1013035,160.24788386,3.8612907710211126
22382.4782863,52244.9458284,158.85437081,3.8613111606850956
22378.8542551,52241.7691114,157.42963702,3.8613560743109923
22375.2016286,52238.5670385,155.95775697,3.8613663081796927
22371.5695992,52235.382956299996,154.4370091,3.861364830521478
22367.9348795,52232.1965251,152.86431798,3.861366842953214
22364.302519,52229.012149199996,151.23356833,3.8613783178217886
22360.6824103,52225.8384406,149.53741913,3.861380545173131
22357.0467262,52222.6510629,147.76854865,3.8613772594878726
22353.3988587,52219.4530253,145.91026876,3.861412170485561
22349.7700414,52216.271464699996,143.95252193,3.861411385528646
22346.140723,52213.0894698,141.87751448,3.8613955072643136
22342.4999975,52209.897575999996,139.65834603000002,3.8614163246416155
22338.8685321,52206.713666999996,137.26441513,3.8614513972147013
22335.2526,52203.543152599996,134.64879339,3.8614552896099044
22331.6412273,52200.3766111,133.33291968,3.8614811606583976
22328.0033478,52197.1866613,133.33291968,3.861481365683646
22324.3648306,52193.996151,133.33291968,3.861485954327214
22320.7399079,52190.8175319,133.33291968,3.8614887668208246
22317.1031676,52187.628532099996,133.33291968,3.861485752933329
22313.4556817,52184.4301291,133.33291968,3.8615182942873583
22309.8264988,52181.247566699996,133.33291968,3.8615336217935146
22306.2067789,52178.0732046,133.33291968,3.861558452112821
22302.6281907,52174.9347563,133.33291968,3.8941043107081863
22299.2264725,52171.7497312,133.33291968,3.9406193423795646
22296.1028511,52168.5397873,133.33291968,4.063722708152401
22293.6002827,52165.2386902,133.33291968,4.276145340609332
22291.936018599998,52161.6688379,133.33291968,4.503908804932447
22291.104953899998,52157.7404586,133.33291968,4.630956034112037
22290.7574265,52153.4822451,133.33291968,4.6377467639079235
22290.414913099998,52148.902034599996,133.33291968,4.646346189353306
22290.0955779,52144.0737894,133.33291968,4.648590119374634
22289.7832498,52139.1849211,133.33291968,4.649031836408014
22289.4723467,52134.2843374,133.33291968,4.649192264474747
22289.1619688,52129.3795795,133.33291968,4.6490319342029185
22288.851072499998,52124.4790954,133.33291968,4.647727433067423
22288.536011,52119.613417299995,133.33291968,4.645061806442717
22288.2130713,52114.8240941,133.33291968,4.643421276064607
22287.8861747,52110.0917612,133.33291968,4.642042864633686
22287.5572282,52105.4233625,133.33291968,4.641957797641734
22287.2283666,52100.7618244,133.33291968,4.6419893756711605
22286.8990699,52096.0920182,133.33291968,4.602576319108472
22286.3861226,52091.4396968,133.33291968,4.570262556472608
22285.7249046,52086.8187418,133.33291968,4.523023316522154
22284.8576512,52082.2938341,133.33291968,4.460619942458642
22283.7039921,52077.8088523,133.33291968,4.425106585563379
22282.3939497,52073.374877999995,133.33291968,4.358829127886949
22280.7920075,52069.0343705,133.33291968,4.3248995249601485
22279.0149146,52064.680065399996,133.33291968,4.296900309002773
22277.132204499998,52060.4125496,133.33291968,4.243448300745379
22275.045411299998,52056.2936129,133.33291968,4.191993133537073
22272.7284377,52052.2506468,133.33291968,4.159709642081571
22270.2723253,52048.268608499995,133.33291968,4.118014337880219
22267.6757365,52044.42699,133.33291968,4.064328828308964
22264.8698225,52040.721091,133.33291968,4.028554123587225
22261.9306822,52037.114888899996,133.33291968,4.022233228247261
22258.9911338,52033.5543807,133.33291968,4.021421909967211
22256.0163482,52029.9571402,133.33291968,4.019428792859833
22252.9862121,52026.3078024,133.33291968,4.017005012288429
22249.903116999998,52022.6129419,133.33291968,4.012613192349559
22246.7390124,52018.8546747,135.36021204,4.009813392915861
22243.5271469,52015.0612857,137.26284083000002,4.009577740023277
22240.3113568,52011.265075899995,139.0476786,4.015424645576565
22237.191242099998,52007.5378403,140.72994121,4.0304618061517665
22234.3299346,52004.0134279,142.2542639,4.0378564300650295
22231.6598183,52000.6743563,143.63300270000002,4.125240112704502
22229.309915499998,51997.1429736,144.86547125,4.270381748080972
22227.469983299998,51993.2549848,145.97715031,4.385436303475693
22226.0387842,51989.0346968,147.02708408,4.453495828590464
22224.86001,51984.583749699996,148.05848282,4.4958421740923615
22223.8509585,51979.997075499996,149.08057897,4.518874417928797
22222.937610599998,51975.3363495,150.1013921,4.535210204057838
22222.1041984,51970.6818813,151.11330173,4.568764568728893
22221.4271004,51965.9999762,152.1038265,4.584217489794698
22220.8170332,51961.266296199996,153.06863023,4.586779222262909
22220.213706399998,51956.4883999,154.02080135,4.586807127804076
22219.6081035,51951.6914016,154.96038777,4.586811914964709
22219.002003499998,51946.8902808,155.89454185,4.586807659754965
22218.3967118,51942.095727,156.82080987,4.586806342400877
22217.7917558,51937.3038831,157.73313339,4.586811278968172
22217.1854509,51932.5011638,158.6464594,4.586811155230047
22216.5790632,51927.697793399995,159.54840775,4.5868044604145695
22215.9715721,51922.8859419,160.44375025,4.586856426069234
22215.3678156,51918.101671,161.33267272,4.586912699121794
22214.7690022,51913.3544195,162.21983017000002,4.586933060353861
22214.1670618,51908.5815952,163.09944729,4.587013252858803
22213.5597584,51903.7631348,163.96281751,4.587005907668416
22212.9552953,51898.967493799995,164.80976774,4.587006770886194
22212.3496217,51894.1622156,165.64903436,4.587010848262999
22211.7447649,51889.36326,166.48730702,4.587032993707982
22211.1426869,51884.5854987,167.31889722,4.587025444562044
22210.537571,51879.7839225,168.14514597000002,4.58703485290982
22209.9339066,51874.9935006,168.55586639,4.58704744431545
22209.3323215,51870.2190945,168.96537264,4.590251492271775
22208.7474966,51865.4546773,169.3721468,4.595089492786865
22208.1824436,51860.6596089,169.77845879,4.595089475332394
22207.616793499998,51855.8594742,170.18225181,4.596430001018989
22207.060462999998,51851.08334818,170.58343975,4.59645024902651
22206.500262499998,51846.27315051,170.98457359,4.596451543023487
22205.94158,51841.47593322,171.38123289,4.597285820274956
22205.3900417,51836.70542634,171.77888172000002,4.597318963708795
22204.835236,51831.905263759996,172.17454183,4.597342688873985
22204.2777224,51827.08066894,172.56698558,4.5973517243486945
22203.722560899998,51822.27604796,172.95615641,4.597378443374273
22203.1712257,51817.50342318,173.34351842,4.597385604672065
22202.6181412,51812.71535483,173.72952149000002,4.597397706073699
22202.063658799998,51807.91467518,174.11065964,4.597387886889488
22201.5105539,51803.12633436,174.48821095,4.597398179825513
22200.9565755,51798.329998379995,174.86408223,4.597406164098819
22200.4019558,51793.52777364,175.23512993,4.597385997616997
22199.8493353,51788.743705659996,175.60296111000002,4.59739903697362
22199.2959619,51783.95257173,175.96964744000002,4.597434413871616
22198.7409062,51779.14538031,176.33330101,4.597426233606322
22198.1863733,51774.34306149,176.69356991,4.597411097211669
22197.6329941,51769.55137033,177.05102488,4.59742784307762
22197.0786008,51764.75019265,177.40754625,4.597443369902058
22196.5231333,51759.939056584,177.76148973,4.597418543701577
22195.9712209,51755.159754119995,178.11203653,4.597423915037378
22195.418998999998,51750.377546129,178.46069248,4.597489674502279
22194.8643345,51745.571411933,178.80506039,4.597481411144029
22194.3100556,51740.76896738,179.1459671,4.597464821109874
22193.7566652,51735.974919349996,179.4843307,4.597447254415792
22193.204106999998,51731.188818769995,179.82201347,4.5975354736773255
22192.6485042,51726.37261752,180.15787379,4.597518205941061
22192.0939529,51721.56626013,180.49117612999999,4.597499706113606
22191.5410841,51716.77526357,180.82221512,4.597512810290011
22190.9873559,51711.97626749,181.15125679,4.5975034513781425
22190.434277199998,51707.18329437,181.47797177,4.597496962404023
22189.8815639,51702.39376072,181.80485261,4.597560245728698
22189.3261597,51697.5782332,182.13156912,4.597559112335127
22188.7708593,51692.7636536,182.45551587,4.597558552097994
22188.2210868,51687.9970256,182.77665209,4.597571557547092
22187.6706859,51683.224403939996,182.9,4.5976989445221115
22187.117183899998,51678.41951414,182.9,4.59774571865791
22186.5623467,51673.60105117,182.9,4.597711252221785
22186.0094038,51668.80049515,182.9,4.597700385667819
22185.457131799998,51664.00622207,182.9,4.597708639526202
22184.904427499998,51659.20784782,182.9,4.597708523396111
22184.3517282,51654.40952188,182.9,4.59771099551361
22183.7988953,51649.6099317,182.9,4.5976831810117
22183.2476918,51644.8256583,182.9,4.597699940327763
22182.6959163,51640.0357141,182.9,4.597811642265258
22182.1411523,51635.2150904,182.9,4.597782300565253
22181.5882814,51630.412157599996,182.9,4.597762031015106
22181.0372403,51625.6259747,182.9,4.5977958413621876
22180.4846484,51620.8248934,182.9,4.597790699218855
22179.9323315,51616.0264186,182.9,4.597786058378112
22179.3802656,51611.2303204,182.9,4.597787717692967
22178.8281182,51606.433444099996,182.9,4.597789128996489
22178.2759058,51601.6359435,182.9,4.597783429762734
22177.7239508,51596.8409197,182.9,4.597800714904679
22177.1713207,51592.0393005,182.9,4.597821625257179
22176.617715599998,51587.2283242,182.9,4.597805380806413
22176.0663623,51582.4376019,182.9,4.597788098740173
22175.5161714,51577.657707,182.9,4.597857570168257
22174.9641342,51572.8588373,182.9,4.597892085697198
22174.4111623,51568.050380399996,182.9,4.597897563095941
22173.857946699998,51563.2395722,182.9,4.597891247147783
22173.3057666,51558.438036,182.9,4.597889073028797
22172.7549027,51553.6480367,182.9,4.597892500646731
22172.2037284,51548.8551936,182.9,4.597896037498312
22171.652355899998,51544.0604776,182.9,4.597901182623686
22171.1007579,51539.2635832,182.9,4.597903248351274
22170.5490755,51534.465867499996,182.9,4.597899331012631
22169.9975465,51529.6696514,182.9,4.597912949393656
22169.4455475,51524.868772,182.9,4.597917750968731
22168.8933476,51520.0659421,182.9,4.597911791604153
22168.341529499998,51515.266684999995,182.9,4.597907931722049
22167.789998199998,51510.4700854,182.9,4.5979077581937196
22167.2384779,51505.6735888,182.9,4.597913572329496
22166.6866482,51500.8741555,182.9,4.59790508239804
22166.1353471,51496.0796783,182.9,4.597909594250646
22165.5838555,51491.2833537,182.9,4.597927185810535
22165.031736599998,51486.480829,182.9,4.597921300210693
22164.479957,51481.6815046,182.9,4.597916829762255
22163.9284944,51476.8851264,182.9,4.597917090090929
22163.3770179,51472.088616299996,182.9,4.597922915665567
22162.8252849,51467.2896289,182.9,4.597922380284057
22162.273578199998,51462.4908929,182.9,4.597923478300327
22161.7218111,51457.6915851,182.9,4.59791966869361
22161.1703217,51452.8948538,182.9,4.597916178173762
22160.6190242,51448.0999391,182.9,4.597926101712811
22160.067411,51443.301859,182.9,4.597933696834389
22159.5155687,51438.5014648,182.9,4.597931991458242
22158.9638069,51433.701842999995,182.9,4.597928954928198
22158.4123023,51428.9045869,182.9,4.597927543064513
22157.8608862,51424.1081603,182.9,4.5979358764982
22157.3091837,51419.30889,182.9,4.597935547879665
22156.7575018,51414.509812799995,182.9,4.597934595558201
22156.206071599998,51409.7129654,182.9,4.597935820863304
22155.6545653,51404.9154042,182.9,4.597937755438768
22155.1029802,51400.1170757,182.9,4.597937318480804
22154.551418299998,51395.318967499996,182.9,4.597937433545722
22153.999849199998,51390.5207918,182.9,4.597939181389341
22153.4482112,51385.721942799995,182.9,4.597934500796294
22152.896685699998,51380.9242704,182.9,4.597932176167321
22152.3452372,51376.1273661,182.9,4.597936796745346
22151.7935376,51371.3280821,182.9,4.597935507961919
22151.2418839,51366.5292519,182.9,4.59793371377215
22150.6902886,51361.7310056,182.9,4.5979314875835335
22150.1387658,51356.9334841,182.9,4.5979348597983964
22149.5871168,51352.1347222,182.9,4.597929987161406
22149.035637599998,51347.3376434,182.9,4.597927995343885
22148.484241,51342.5413673,182.9,4.597934377400299
22147.9324947,51337.7417794,182.9,4.597931606366528
22147.380870599998,51332.9433717,182.9,4.597930057933848
22146.8293128,51328.1456062,182.9,4.59792174286226
22146.2781277,51323.351434,182.9,4.597926426556048
22145.726581,51318.553918599995,182.9,4.597933610018381
22145.174429799998,51313.750841,182.9,4.597924509740175
22144.6226699,51308.9515522,182.9,4.597914649331814
22144.071292099998,51304.1560037,182.9,4.597919023960506
22143.519699,51299.3583977,182.9,4.597916010847051
22142.968261899998,51294.562275899996,182.9,4.597921942801733
22142.4164486,51289.7626312,182.9,4.597930766255623
22141.8641613,51284.9584901,182.9,4.597895431600479
22141.3130624,51280.1661789,182.9,4.597888997226423
22140.7622901,51275.376979299996,182.9,4.597899174124153
22140.2099521,51270.573734599995,182.9,4.597901280754572
22139.6574657,51265.769110199995,182.9,4.597893139670189
22139.105313,51260.9677322,182.9,4.597888366201324
22138.5533219,51256.1679613,181.88306229,4.5978719084182575
22138.001848199998,51251.373384599996,180.85214280000002,4.59787994419686
22137.4500701,51246.5758218,179.80736705,4.597878630548589
22136.8983425,51241.778753599996,178.74921227,4.597876671507403
22136.346698,51236.9824907,177.67080773,4.597872791360582
22135.7952325,51232.187948,176.57389783000002,4.597877668011233
22135.2434878,51227.3907718,175.45646807,4.597899881258202
22134.6903938,51222.5809228,174.31500549,4.597867035653344
22134.138385899998,51217.7819077,173.15147348,4.597835330333465
22133.587394,51212.9930629,171.96280996000002,4.597862392621783
22133.0351016,51208.1917708,170.75027355,4.597863227103563
22132.4827753,51203.3901487,169.51018763000002,4.597848068163078
22131.9309955,51198.593918,168.24034324000002,4.597831976663096
22131.3798412,51193.8038032,166.94354365,4.597853015531916
22130.827519,51189.0026486,165.61993117,4.597863775224141
22130.2746789,51184.1965366,164.26726797,4.597851262243662
22129.7222804,51179.3947929,162.87414571,4.597828671651498
22129.1705941,51174.600194,161.44526546,4.597780415280591
22128.6206051,51169.8223763,159.98155677,4.597787602915806
22128.069996899998,51165.0388769,158.48385829,4.5977907699261955
22127.5163878,51160.2291726,156.94267709000002,4.597799770996964
22126.9618454,51155.4109781,155.35310437,4.5977776985437
22126.4081567,51150.601135699995,153.7057045,4.597766027203285
22125.8547899,51145.7945834,151.99295887,4.597636707450643
22125.3043793,51141.019144,150.21601773,4.597663066145538
22124.7528975,51136.2333017,148.3670492,4.5976934342254765
22124.1994696,51131.429288,146.43896686,4.597673280498862
22123.6470525,51126.6348984,144.41145829,4.59769945512606
22123.0931331,51121.8263636,142.26643746000002,4.597669565048077
22122.5404115,51117.029488,139.98821943000002,4.5976405759554035
22121.9888867,51112.2442189,137.53497744,4.5976612336799105
22121.4360372,51107.446584799996,137.53497744,4.597658758612115
22120.8833479,51102.6504453,137.53497744,4.597661842271283
22120.3304435,51097.852309099995,137.53497744,4.597671128878225
22119.7768983,51093.0482197,137.53497744,4.597663270118646
22119.2237803,51088.248169599996,137.53497744,4.597674684739367
22118.6700839,51083.4426177,137.53497744,4.597670936645869
22118.1165397,51078.638545099995,137.53497744,4.597631452989329
22117.564378,51073.8481342,137.53497744,4.5976256568700276
22117.0124623,51069.0601015,137.53497744,4.59765982387669
22116.4586065,51064.2537943,137.53497744,4.597638194566325
22115.9057099,51059.4567233,137.53497744,4.597611079250925
22115.3540397,51054.6714336,137.53497744,4.597643410192875
22114.8002021,51049.8659779,137.53497744,4.597682272024306
22114.2443206,51045.0411395,137.53497744,4.597561170389925
22113.6918879,51040.2513369,137.53497744,4.597347250761812
22113.1464355,51035.5309281,137.53497744,4.5806086019511145
22112.5287335,51030.870733799995,137.53497744,4.542101688603303
22111.744893,51026.3122652,137.53497744,4.480804842548034
22110.696144999998,51021.864930899996,137.53497744,4.413565801763079
22109.3554412,51017.5126647,137.53497744,4.345110470972173
22107.714605099998,51013.2478233,137.53497744,4.285313112909549
22105.8164474,51009.0768418,137.53497744,4.223684088545346
22103.6660954,51005.0327418,137.53497744,4.162976683489405
22101.281529,51001.1382807,137.53497744,4.094352672839204
22098.6500452,50997.436910899996,137.53497744,4.021149307742361
22095.7585832,50993.9423691,137.53497744,3.9492571261429656
22092.603062399998,50990.643100199995,137.53497744,3.8907040258669614
22089.232092899998,50987.5083076,137.53497744,3.8377238106506053
22085.6799588,50984.539802499996,137.53497744,3.7920795717595714
22082.0165522,50981.752048999995,137.53497744,3.7258887691561178
22078.1503204,50979.1952093,137.53497744,3.6959584068089466
22074.155611899998,50976.7219726,137.53497744,3.66189527177436
22070.1479334,50974.4257182,137.53497744,3.5922630702027867
22066.0882729,50972.4613208,137.53497744,3.504113996793534
22061.8967891,50970.8715574,137.53497744,3.420785247242353
22057.5188488,50969.6164879,137.53497744,3.3685637639430857
22052.994314699998,50968.571543699996,137.53497744,3.329524871383481
22048.4306386,50967.7036401,137.53497744,3.2782496759339788
22043.879291499998,50967.0777656,137.53497744,3.213627921454181
22039.3385109,50966.7501023,137.53497744,3.1420960058919514
22034.794377899998,50966.747814999995,137.53497744,3.073514769742688
22030.2353286,50967.058665799996,137.53497744,3.014859736496402
22025.6744382,50967.6397953,137.53497744,2.959677997816377
22021.14570645,50968.472847699995,137.53497744,2.9045669666432166
22016.62678656,50969.5644676,137.53497744,2.870506989380763
22012.072348539998,50970.8302703,137.53497744,2.854270191282118
22007.53190005,50972.1719689,137.53497744,2.8236363591437863
22003.0492795,50973.6473015,137.53497744,2.799775118570608
21998.600893,50975.2299625,137.53497744,2.7703886110869735
21994.239979129998,50976.9274438,137.53497744,2.725878153770717
21989.9886827,50978.8041454,137.53497744,2.6806229093040326
21985.79178922,50980.8885625,137.53497744,2.655090848381878
21981.62714132,50983.0912575,137.53497744,2.6224050402486263
21977.52347534,50985.4364354,137.53497744,2.604429828799116
21973.50379564,50987.8304744,139.13227215,2.547691771727959
21969.66663252,50990.4214042,140.65703828,2.505724145014179
21965.909482439998,50993.1947134,142.11619107,2.4688973184520346
21962.22720215,50996.1282045,143.51513886,2.445746071371107
21958.601858219998,50999.156139,144.85828707000002,2.4166515582315222
21955.07237648,51002.2827235,146.15182136,2.389410853159901
21951.62336914,51005.509891,147.40165849,2.3643855234353306
21948.2791244,51008.799794,148.6101135,2.3211521245794953
21945.07931828,51012.232100199995,149.78522155000002,2.2965351313570133
21941.92817507,51015.7835935,150.92635136,2.280999914563462
21938.83467629,51019.3811757,152.03595483,2.254792315009536
21935.86035459,51023.0293434,153.11742925000001,2.220413856685578
21933.02089955,51026.7674306,154.17326354,2.1878567764239536
21930.294822639,51030.6097867,155.20500882,2.1619751723052296
21927.654121085,51034.543708799996,156.21409591,2.142748300910152
21925.070205976,51038.5577076,157.20223902,2.134582060618988
21922.529250214,51042.5767072,158.17158793000002,2.105955469047938
21920.13752571,51046.610864999995,159.12196072,2.0662091391214243
21917.903101787,51050.7459218,160.05399939,2.0420348400272994
21915.758270103,51054.955395,160.96970385,2.0144205705732907
21913.716650776,51059.2515908,161.86904642000002,2.0061257203080016
21911.70911602,51063.5680601,162.75593793000002,1.9804098799264875
21909.833614659998,51067.8877815,163.62778894000002,1.9468593320828447
21908.10575667,51072.2637141,164.48519071,1.9185629967301845
21906.48825819,51076.7257833,165.32845655,1.9058208395847278
21904.91882645,51081.2337197,166.16137635,1.8908842397419354
21903.42384061,51085.7436581,166.98289393,1.8672542471859086
21902.03006619,51090.3065366,167.79223328,1.8619238986265145
21900.652259039998,51094.9047268,168.59384156000002,1.853004466582175
21899.33518157,51099.4472101,168.99119681000002,1.812361823989915
21898.208046789998,51104.0220554,169.38332494000002,1.7946885723604544
21897.14689385,51108.682164699996,169.77315385,1.7877592898695671
21896.1146351,51113.3650402,170.16109394,1.7778502598890733
21895.13307155,51118.037718,170.54773339000002,1.760770198037815
21894.238875799998,51122.6878974,170.93154451,1.7311974440043145
21893.4814663,51127.3693028,171.31223678,1.7176236293264082
21892.78231235,51132.0967787,171.69024338,1.7063320704218756
21892.13774566,51136.8233176,172.06663844000002,1.688436545090077
21891.58068707,51141.536726599996,172.43907047,1.6651260975744269
21891.13227879,51146.276243,172.80818256,1.6585103126849952
21890.70989029,51151.0794074,173.17549129000002,1.6585079273963539
21890.28589945,51155.9009245,173.54238635000002,1.6584881521965782
21889.86610855,51160.675763,173.90807325,1.6434107935762057
21889.52024135,51165.4304503,174.2708172,1.6289923342715258
21889.242486209998,51170.197813499995,174.63130044000002,1.616745601412104
21889.023700949998,51174.9559139,174.9892184,1.5961756727656518
21888.902666359998,51179.7239092,175.34392509,1.587064728955466
21888.82458453,51184.523086199995,175.69679506,1.5830446015821555
21888.76567882,51189.3321524,176.04819109,1.583039228248564
21888.706713249998,51194.1482186,176.3979567,1.5830346962299622
21888.647731049998,51198.9674272,176.74699382,1.5829749308965826
21888.588664119998,51203.8172449,177.09511328000002,1.5829717480989445
21888.52956737,51208.6707796,177.44136265,1.5829527961550267
21888.47109371,51213.4806284,177.78691177000002,1.582951560661707
21888.41260011,51218.2926065,178.13094226,1.5829316869781056
21888.35403971,51223.1179701,178.47416835,1.5828872512894077
21888.29537377,51227.969797699996,178.81683706,1.5828863632408783
21888.23668838,51232.823590399996,179.15749759,1.5828582162439768
21888.17852339,51237.6455687,179.49828685,1.5828608427523938
21888.120283019998,51242.4727449,179.83756559,1.5828593853333652
21888.06209354,51247.296285899996,180.17617874,1.5828587648172026
21888.00397965,51252.1138088,180.51333464,1.5828505324980322
21887.945711289998,51256.947436099996,180.84728146999998,1.5828527994319443
21887.887534819998,51261.7725332,181.18082274,1.5828524809603146
21887.82935188,51266.5982944,181.51387126,1.5828214258532731
21887.77074755,51271.4715603,181.84555527999999,1.582803839426854
21887.71235168,51276.3346044,182.17649646,1.5826242122985117
21887.65542766,51281.147076199995,182.50608233000003,1.5825637467169817
21887.599058199998,51285.9371541,182.83410278000002,1.5795926581271227
21887.55702983,51290.7149739,182.9,1.5793214463372256
21887.51603445,51295.5236322,182.9,1.5792089646812222
21887.47517572,51300.380345,182.9,1.5791933227860289
21887.43424588,51305.254573599996,182.9,1.5791476606140498
21887.3937979,51310.0977568,182.9,1.5790580703390953
21887.354118299998,51314.9004594,182.9,1.5788605117849888
21887.3154284,51319.6981,182.9,1.5717240261242986
21887.31096445,51324.509948599996,182.9,1.5701539387416503
21887.314058519998,51329.3264603,182.9,1.5653238084779504
21887.34034007,51334.128872299996,182.9,1.5580983465401042
21887.40151058,51338.945955099996,182.9,1.5580983485244604
21887.462780449998,51343.7708631,182.9,1.5547374540505383
21887.54011551,51348.5861707,182.9,1.5527030446314525
21887.62726406,51353.4022698,182.9,1.5485323499983856
21887.73397094,51358.194282,182.9,1.5393451964535987
21887.885544279998,51363.0120217,182.9,1.5393451983747588
21888.03693184,51367.8238567,182.9,1.5272269614259582
21888.24539543,51372.6054656,182.9,1.5226277084502613
21888.47621584,51377.393683999995,182.9,1.5120110427169582
21888.758489379998,51382.189923699996,182.9,1.5119949511169546
21889.043067489998,51387.0239951,182.9,1.5119904173131633
21889.32660193,51391.8399657,182.9,1.507777282931935
21889.629482419998,51396.6397756,182.9,1.5061518959741242
21889.93985873,51401.4343703,182.9,1.4954857011704992
21890.300539019998,51406.2145476,182.9,1.4886099555376386
21890.69571141,51411.011964,182.9,1.4886080674881137
21891.092367459998,51415.827281,182.9,1.488607978054454
21891.48797922,51420.6299153,182.9,1.4824419667914255
21891.91153496,51425.411264,182.9,1.4751006956591268
21892.370178319998,51430.1893554,182.9,1.4715594007448805
21892.84853534,51434.993874499996,182.9,1.4715594234093556
21893.32686029,51439.798072599995,182.9,1.4715633160984922
21893.80257617,51444.576254399995,182.9,1.4715364511948206
21894.2801146,51449.3714355,182.9,1.4714977006519312
21894.75965332,51454.1848109,182.9,1.4714917450039036
21895.239565469998,51459.0016438,182.9,1.4714930184844532
21895.71935936,51463.8173519,182.9,1.4714918658270981
21896.199352789998,51468.6350065,182.9,1.4714909912910032
21896.67778785,51473.4369773,182.9,1.4714931278250885
21897.15474103,51478.2241784,182.9,1.4714776789549402
21897.63311101,51483.024848199995,182.9,1.4714382002825064
21898.11445576,51487.8534392,182.9,1.4714391337137211
21898.59516471,51492.6756978,182.9,1.4714264716746372
21899.07428891,51497.4814424,182.9,1.4714323935804772
21899.55414819,51502.2948488,182.9,1.4713917479057932
21900.03082438,51507.074358,182.9,1.471394340105019
21900.506272489998,51511.841678699995,182.9,1.4713120106755389
21900.98570252,51516.644921499996,182.9,1.4712501594091756
21901.46799862,51521.4738563,182.9,1.4712564480524042
21901.94969555,51526.2970987,182.9,1.4712593198203814
21902.42890031,51531.0955263,182.9,1.4712607195045004
21902.90782831,51535.8912505,182.9,1.4712398008791112
21903.38880751,51540.706495599996,182.9,1.4712378198783436
21903.87017722,51545.5255537,182.9,1.4712316385636313
21904.34912761,51550.320092,182.9,1.4712240038364188
21904.83016895,51555.1351901,182.9,1.4712230182004176
21905.31065828,51559.944714799996,182.9,1.4712129384350252
21905.78874013,51564.7296539,182.9,1.4711969038022024
21906.26903008,51569.535914,182.9,1.4711956489331801
21906.74950291,51574.3439432,182.9,1.4711977011696518
21907.22960443,51579.1483564,182.9,1.471198688670634
21907.70954548,51583.9512117,182.9,1.4711906866062612
21908.19054064,51588.764226399995,182.9,1.4711900438116776
21908.67172086,51593.5790616,182.9,1.4711869301522817
21909.15128221,51598.377546899996,182.9,1.4711898226518685
21909.62951087,51603.1628372,182.9,1.4711498109006178
21910.11079879,51607.9767927,182.9,1.4711357944392938
21910.59372961,51612.806497,182.9,1.4711235776191076
21911.07445678,51617.6135698,182.9,1.4711158256450845
21911.554001381,51622.408442,182.9,1.471115737429708
21912.032856126,51627.1964122,182.9,1.471099762214658
21912.513359798,51632.0000947,182.9,1.4710810684567526
21912.995625704,51636.8204847,182.9,1.471082624111883
21913.477206648,51641.634103899996,182.9,1.4710750909516936
21913.95587263,51646.4182229,182.9,1.4710542087950413
21914.436700293,51651.2229344,182.9,1.471013961081109
21914.921592611,51656.066294899996,182.9,1.4709569674021734
21915.402263813,51660.8647336,182.9,1.4709413973595753
21915.881220864998,51665.64530979,182.9,1.4709288530911109
21916.362319784,51670.44665723,182.9,1.4709354252293891
21916.842609179,51675.240243219996,182.9,1.4709041692120328
21917.325062017,51680.053904989996,182.9,1.4708987245720702
21917.80805975,51684.87273903,182.9,1.4709029148264687
21918.289240599,51689.67364887,182.9,1.470908467686956
21918.769305216,51694.463689719996,182.9,1.4708842350950957
21919.251157725,51699.2703961,182.9,1.4708679617329892
21919.734281586,51704.08899473,182.9,1.470874782218131
21920.216112535,51708.89502829,182.9,1.470875788451343
21920.69773865,51713.699067429996,182.9,1.4708739289211326
21921.179689847,51718.50625908,182.9,1.4708711449292247
21921.662242065,51723.31931058,182.9,1.4708710471040543
21922.143955176998,51728.12398797,182.9,1.4708709039479169
21922.62610825,51732.93304666,182.9,1.4708707042428943
21923.108162999,51737.741114979995,182.9,1.4708621307789924
21923.587967251,51742.52632328,182.9,1.470838540385073
21924.07051784,51747.3377781,182.9,1.4708315950050452
